{
    "loss": {
        "0": {
            "train": 3.944732428206812,
            "test": 3.7410084507133385
        },
        "1": {
            "train": 3.4051434444954327,
            "test": 3.3188920835905438
        },
        "2": {
            "train": 3.062069531291952,
            "test": 2.9643399504166617
        },
        "3": {
            "train": 2.7731727291555965,
            "test": 2.927385665193389
        },
        "4": {
            "train": 2.575111548309131,
            "test": 2.8343068165115164
        },
        "5": {
            "train": 2.4113946320760586,
            "test": 2.6677306120908715
        },
        "6": {
            "train": 2.300288598860621,
            "test": 2.5202917599979835
        },
        "7": {
            "train": 2.2160488290859917,
            "test": 3.3312437051459205
        },
        "8": {
            "train": 2.1430213533703935,
            "test": 2.6958403647700444
        },
        "9": {
            "train": 2.1028634858558246,
            "test": 2.255618480187428
        },
        "10": {
            "train": 2.0641033469563554,
            "test": 2.3497588453413565
        },
        "11": {
            "train": 1.9992558017106312,
            "test": 2.5027403529686265
        },
        "12": {
            "train": 1.9855931454607287,
            "test": 2.2251828169520897
        },
        "13": {
            "train": 1.9506135849696595,
            "test": 2.3298923184600056
        },
        "14": {
            "train": 1.929458453222309,
            "test": 2.128722539430932
        },
        "15": {
            "train": 1.9073329078571877,
            "test": 2.110930177229869
        },
        "16": {
            "train": 1.882763333942579,
            "test": 2.5888063545468487
        },
        "17": {
            "train": 1.8734517417600394,
            "test": 2.2504405130313923
        },
        "18": {
            "train": 1.8543942950265793,
            "test": 2.227839782268186
        },
        "19": {
            "train": 1.8333858858289012,
            "test": 2.367810943458654
        }
    },
    "acc1": {
        "0": {
            "train": 9.322,
            "test": 12.0
        },
        "1": {
            "train": 17.806,
            "test": 18.84
        },
        "2": {
            "train": 24.146,
            "test": 25.29
        },
        "3": {
            "train": 29.462,
            "test": 27.14
        },
        "4": {
            "train": 33.314,
            "test": 28.79
        },
        "5": {
            "train": 36.344,
            "test": 31.88
        },
        "6": {
            "train": 38.848,
            "test": 34.99
        },
        "7": {
            "train": 40.592,
            "test": 25.52
        },
        "8": {
            "train": 42.21,
            "test": 32.75
        },
        "9": {
            "train": 43.078,
            "test": 39.13
        },
        "10": {
            "train": 43.85,
            "test": 38.48
        },
        "11": {
            "train": 45.452,
            "test": 36.52
        },
        "12": {
            "train": 45.794,
            "test": 40.64
        },
        "13": {
            "train": 46.432,
            "test": 38.68
        },
        "14": {
            "train": 46.952,
            "test": 42.69
        },
        "15": {
            "train": 47.402,
            "test": 43.43
        },
        "16": {
            "train": 48.132,
            "test": 36.96
        },
        "17": {
            "train": 48.388,
            "test": 40.34
        },
        "18": {
            "train": 48.782,
            "test": 41.86
        },
        "19": {
            "train": 49.008,
            "test": 38.18
        }
    }
}