{
    "loss": {
        "0": {
            "train": 3.921336104497885,
            "test": 3.559555820271939
        },
        "1": {
            "train": 3.3404809154208053,
            "test": 3.26860662049885
        },
        "2": {
            "train": 2.9528404849264627,
            "test": 3.3471534795398954
        },
        "3": {
            "train": 2.669511657846553,
            "test": 2.8248732391792006
        },
        "4": {
            "train": 2.467796290317155,
            "test": 2.5105689190611056
        },
        "5": {
            "train": 2.330159029997218,
            "test": 2.5054691169835346
        },
        "6": {
            "train": 2.2301098242440185,
            "test": 2.5434237507325186
        },
        "7": {
            "train": 2.1407429464637775,
            "test": 2.5480019804797593
        },
        "8": {
            "train": 2.0778064404607126,
            "test": 2.7678372030016742
        },
        "9": {
            "train": 2.03518603677335,
            "test": 2.2250130055825923
        },
        "10": {
            "train": 1.9810700175707296,
            "test": 2.614642070818551
        },
        "11": {
            "train": 1.9523621742682689,
            "test": 2.1704160246667983
        },
        "12": {
            "train": 1.9176847959113548,
            "test": 2.287346258948121
        },
        "13": {
            "train": 1.8938755458578125,
            "test": 2.2634583636175227
        },
        "14": {
            "train": 1.880798264537626,
            "test": 2.3394048832639864
        },
        "15": {
            "train": 1.856327247131816,
            "test": 1.964075756978385
        },
        "16": {
            "train": 1.8483611509928008,
            "test": 2.388456217850311
        },
        "17": {
            "train": 1.8252584473861149,
            "test": 2.143984818760353
        },
        "18": {
            "train": 1.8117467094870174,
            "test": 2.098545512066612
        },
        "19": {
            "train": 1.801607344156641,
            "test": 2.1041116110886198
        }
    },
    "acc1": {
        "0": {
            "train": 9.036,
            "test": 14.49
        },
        "1": {
            "train": 18.15,
            "test": 19.77
        },
        "2": {
            "train": 25.454,
            "test": 21.54
        },
        "3": {
            "train": 30.936,
            "test": 28.8
        },
        "4": {
            "train": 34.79,
            "test": 34.92
        },
        "5": {
            "train": 37.886,
            "test": 34.73
        },
        "6": {
            "train": 40.056,
            "test": 33.96
        },
        "7": {
            "train": 42.18,
            "test": 35.77
        },
        "8": {
            "train": 43.382,
            "test": 32.07
        },
        "9": {
            "train": 44.404,
            "test": 40.78
        },
        "10": {
            "train": 45.846,
            "test": 35.03
        },
        "11": {
            "train": 46.344,
            "test": 41.72
        },
        "12": {
            "train": 47.196,
            "test": 40.65
        },
        "13": {
            "train": 47.81,
            "test": 40.86
        },
        "14": {
            "train": 48.19,
            "test": 38.88
        },
        "15": {
            "train": 48.638,
            "test": 46.54
        },
        "16": {
            "train": 49.122,
            "test": 38.41
        },
        "17": {
            "train": 49.36,
            "test": 42.64
        },
        "18": {
            "train": 49.814,
            "test": 43.98
        },
        "19": {
            "train": 50.15,
            "test": 44.15
        }
    }
}