{
    "loss": {
        "0": {
            "train": 3.922036696577926,
            "test": 3.5869994978361492
        },
        "1": {
            "train": 3.4188860206652785,
            "test": 3.2632908066616784
        },
        "2": {
            "train": 3.107109944228931,
            "test": 3.0777068983150433
        },
        "3": {
            "train": 2.8640243397344407,
            "test": 2.999820075457609
        },
        "4": {
            "train": 2.6791707743769106,
            "test": 2.8156053989748413
        },
        "5": {
            "train": 2.527206683707664,
            "test": 2.558912452263168
        },
        "6": {
            "train": 2.4230197518682846,
            "test": 2.5209416166136536
        },
        "7": {
            "train": 2.3281494205260214,
            "test": 2.8007912152930152
        },
        "8": {
            "train": 2.262605987241506,
            "test": 2.436454271968407
        },
        "9": {
            "train": 2.198847047203337,
            "test": 2.6762396263170847
        },
        "10": {
            "train": 2.145637938738479,
            "test": 2.4379816326913955
        },
        "11": {
            "train": 2.101664794070641,
            "test": 2.329337296606619
        },
        "12": {
            "train": 2.070542191910317,
            "test": 2.4963311092763005
        },
        "13": {
            "train": 2.0339946661458908,
            "test": 2.261275979536998
        },
        "14": {
            "train": 2.0179613667071017,
            "test": 2.347917642774461
        },
        "15": {
            "train": 1.9949163213715224,
            "test": 2.624854392643216
        },
        "16": {
            "train": 1.9741343854333433,
            "test": 2.3498241161998314
        },
        "17": {
            "train": 1.9623430141097749,
            "test": 2.2730294466018677
        },
        "18": {
            "train": 1.9556599236510295,
            "test": 2.2054691631582717
        },
        "19": {
            "train": 1.9318016721769367,
            "test": 2.5306447321855567
        }
    },
    "acc1": {
        "0": {
            "train": 8.802,
            "test": 14.08
        },
        "1": {
            "train": 16.858,
            "test": 19.86
        },
        "2": {
            "train": 22.548,
            "test": 23.11
        },
        "3": {
            "train": 26.908,
            "test": 26.07
        },
        "4": {
            "train": 30.886,
            "test": 29.35
        },
        "5": {
            "train": 33.776,
            "test": 33.56
        },
        "6": {
            "train": 35.988,
            "test": 34.58
        },
        "7": {
            "train": 37.964,
            "test": 30.23
        },
        "8": {
            "train": 39.804,
            "test": 37.2
        },
        "9": {
            "train": 40.798,
            "test": 33.51
        },
        "10": {
            "train": 42.02,
            "test": 35.94
        },
        "11": {
            "train": 42.948,
            "test": 38.93
        },
        "12": {
            "train": 43.676,
            "test": 35.56
        },
        "13": {
            "train": 44.7,
            "test": 40.43
        },
        "14": {
            "train": 44.814,
            "test": 38.67
        },
        "15": {
            "train": 45.548,
            "test": 35.12
        },
        "16": {
            "train": 46.042,
            "test": 39.26
        },
        "17": {
            "train": 46.256,
            "test": 39.87
        },
        "18": {
            "train": 46.498,
            "test": 41.03
        },
        "19": {
            "train": 47.036,
            "test": 35.33
        }
    }
}