{
    "loss": {
        "0": {
            "train": 3.8947241568504394,
            "test": 3.5728198757654503
        },
        "1": {
            "train": 3.3463664371949022,
            "test": 3.1902809957914715
        },
        "2": {
            "train": 3.0039577557302803,
            "test": 3.09136179730862
        },
        "3": {
            "train": 2.731136812883265,
            "test": 2.713957373099991
        },
        "4": {
            "train": 2.5146869174049944,
            "test": 2.6082107296472863
        },
        "5": {
            "train": 2.366486857309366,
            "test": 2.449071980729888
        },
        "6": {
            "train": 2.258158366088672,
            "test": 2.807064379317851
        },
        "7": {
            "train": 2.182798749955414,
            "test": 2.4533921253832083
        },
        "8": {
            "train": 2.1024455469282692,
            "test": 2.447436916677258
        },
        "9": {
            "train": 2.0493993277439984,
            "test": 4.468088509161261
        },
        "10": {
            "train": 1.9949259068959815,
            "test": 2.4742253007768076
        },
        "11": {
            "train": 1.964544323704127,
            "test": 2.1680748749382888
        },
        "12": {
            "train": 1.926763630584073,
            "test": 2.4920749030535734
        },
        "13": {
            "train": 1.9044865689924002,
            "test": 2.3340039162696162
        },
        "14": {
            "train": 1.8726977841628483,
            "test": 2.27189499818826
        },
        "15": {
            "train": 1.861799113890704,
            "test": 2.021778981896895
        },
        "16": {
            "train": 1.838546122126567,
            "test": 2.1107824256148517
        },
        "17": {
            "train": 1.8263326047936363,
            "test": 2.0674968248681176
        },
        "18": {
            "train": 1.8121587059381978,
            "test": 2.300479777251618
        },
        "19": {
            "train": 1.7943471981131511,
            "test": 2.0986458244203012
        }
    },
    "acc1": {
        "0": {
            "train": 9.518,
            "test": 13.2
        },
        "1": {
            "train": 18.29,
            "test": 20.84
        },
        "2": {
            "train": 24.604,
            "test": 23.84
        },
        "3": {
            "train": 29.71,
            "test": 30.07
        },
        "4": {
            "train": 33.914,
            "test": 32.55
        },
        "5": {
            "train": 36.998,
            "test": 35.37
        },
        "6": {
            "train": 39.506,
            "test": 29.96
        },
        "7": {
            "train": 41.03,
            "test": 37.91
        },
        "8": {
            "train": 42.548,
            "test": 37.76
        },
        "9": {
            "train": 43.986,
            "test": 18.18
        },
        "10": {
            "train": 45.484,
            "test": 37.18
        },
        "11": {
            "train": 46.098,
            "test": 42.12
        },
        "12": {
            "train": 46.922,
            "test": 36.49
        },
        "13": {
            "train": 47.43,
            "test": 40.61
        },
        "14": {
            "train": 48.016,
            "test": 40.38
        },
        "15": {
            "train": 48.576,
            "test": 45.35
        },
        "16": {
            "train": 49.02,
            "test": 43.35
        },
        "17": {
            "train": 49.256,
            "test": 43.76
        },
        "18": {
            "train": 49.702,
            "test": 41.01
        },
        "19": {
            "train": 50.126,
            "test": 43.39
        }
    }
}