{
    "loss": {
        "0": {
            "train": 3.9234165102624527,
            "test": 3.5601825653752193
        },
        "1": {
            "train": 3.376754844280155,
            "test": 3.2247712581972534
        },
        "2": {
            "train": 3.0216759074374537,
            "test": 2.9013774908041654
        },
        "3": {
            "train": 2.7029270150167557,
            "test": 2.8922986441020724
        },
        "4": {
            "train": 2.4878416043108382,
            "test": 2.969261637216882
        },
        "5": {
            "train": 2.3441910466269764,
            "test": 2.7987098995643325
        },
        "6": {
            "train": 2.2416517015003485,
            "test": 2.328064455261713
        },
        "7": {
            "train": 2.1676165880754477,
            "test": 2.768444088440907
        },
        "8": {
            "train": 2.1027439305239626,
            "test": 2.3996322034280513
        },
        "9": {
            "train": 2.053196196360966,
            "test": 2.6662954861604713
        },
        "10": {
            "train": 2.0068104511026834,
            "test": 2.7475318908691406
        },
        "11": {
            "train": 1.9632968649534923,
            "test": 2.304050680957263
        },
        "12": {
            "train": 1.9368656391987715,
            "test": 2.2906890383249596
        },
        "13": {
            "train": 1.9096955009128735,
            "test": 2.51914247681823
        },
        "14": {
            "train": 1.8833630719148289,
            "test": 2.185956909686704
        },
        "15": {
            "train": 1.8698546502291393,
            "test": 2.0268745271465445
        },
        "16": {
            "train": 1.8497805110633831,
            "test": 2.0543283178836487
        },
        "17": {
            "train": 1.8279464851559886,
            "test": 2.4090179416197763
        },
        "18": {
            "train": 1.8139782098248183,
            "test": 2.2221719041655335
        },
        "19": {
            "train": 1.8090931668001062,
            "test": 2.1329598622986032
        }
    },
    "acc1": {
        "0": {
            "train": 9.22,
            "test": 15.17
        },
        "1": {
            "train": 18.15,
            "test": 21.08
        },
        "2": {
            "train": 24.288,
            "test": 27.14
        },
        "3": {
            "train": 30.428,
            "test": 27.44
        },
        "4": {
            "train": 34.736,
            "test": 27.55
        },
        "5": {
            "train": 37.578,
            "test": 31.53
        },
        "6": {
            "train": 39.952,
            "test": 38.37
        },
        "7": {
            "train": 41.234,
            "test": 31.69
        },
        "8": {
            "train": 42.892,
            "test": 37.43
        },
        "9": {
            "train": 44.2,
            "test": 33.34
        },
        "10": {
            "train": 45.156,
            "test": 33.79
        },
        "11": {
            "train": 45.982,
            "test": 39.68
        },
        "12": {
            "train": 46.768,
            "test": 39.72
        },
        "13": {
            "train": 47.276,
            "test": 37.17
        },
        "14": {
            "train": 47.674,
            "test": 41.53
        },
        "15": {
            "train": 48.312,
            "test": 45.2
        },
        "16": {
            "train": 48.628,
            "test": 44.57
        },
        "17": {
            "train": 49.192,
            "test": 39.1
        },
        "18": {
            "train": 49.568,
            "test": 41.07
        },
        "19": {
            "train": 49.818,
            "test": 43.53
        }
    }
}